0,0,-40,22,0,0,t=0
0.212509,0,-39.9995,20.5355,0,0.094835,t=0.01
0.411318,0,-39.9981,19.2538,0,0.183955,t=0.02
0.598086,0,-39.9959,18.1227,0,0.268366,t=0.03
0.774189,0,-39.9928,17.117,0,0.348851,t=0.04
0.940778,0,-39.9889,16.2169,0,0.426029,t=0.05
1.09883,0,-39.9843,15.4067,0,0.500392,t=0.06
1.24917,0,-39.9789,14.6734,0,0.572342,t=0.07
1.39252,0,-39.9728,14.0066,0,0.642203,t=0.08
1.52949,0,-39.9661,13.3976,0,0.710246,t=0.09
1.66064,0,-39.9586,12.8391,0,0.776695,t=0.1
1.78642,0,-39.9505,12.3251,0,0.841736,t=0.11
1.90727,0,-39.9418,11.8504,0,0.905528,t=0.12
2.02355,0,-39.9324,11.4107,0,0.968206,t=0.13
2.13559,0,-39.9224,11.0021,0,1.02988,t=0.14
2.24368,0,-39.9118,10.6215,0,1.09066,t=0.15
2.3481,0,-39.9006,10.266,0,1.15061,t=0.16
2.44908,0,-39.8888,9.93318,0,1.20982,t=0.17
2.54683,0,-39.8764,9.62092,0,1.26835,t=0.18
2.64156,0,-39.8634,9.32731,0,1.32624,t=0.19
2.73343,0,-39.8499,9.05071,0,1.38356,t=0.2
2.82262,0,-39.8358,8.78962,0,1.44033,t=0.21
2.90927,0,-39.8211,8.54275,0,1.4966,t=0.22
2.99352,0,-39.8058,8.30892,0,1.55239,t=0.23
3.07549,0,-39.79,8.0871,0,1.60774,t=0.24
3.1553,0,-39.7737,7.87633,0,1.66266,t=0.25
3.23305,0,-39.7568,7.67578,0,1.71717,t=0.26
3.30885,0,-39.7394,7.48468,0,1.7713,t=0.27
3.38278,0,-39.7214,7.30234,0,1.82505,t=0.28
3.45492,0,-39.7029,7.12814,0,1.87844,t=0.29
3.52536,0,-39.6838,6.96151,0,1.93148,t=0.3
3.59417,0,-39.6642,6.80192,0,1.98418,t=0.31
3.66142,0,-39.6441,6.64891,0,2.03654,t=0.32
3.72717,0,-39.6235,6.50204,0,2.08857,t=0.33
3.79148,0,-39.6024,6.36091,0,2.14027,t=0.34
3.85441,0,-39.5807,6.22516,0,2.19165,t=0.35
3.916,0,-39.5585,6.09445,0,2.2427,t=0.36
3.97631,0,-39.5358,5.96848,0,2.29343,t=0.37
4.03539,0,-39.5127,5.84695,0,2.34383,t=0.38
4.09327,0,-39.489,5.72962,0,2.39391,t=0.39
4.14999,0,-39.4648,5.61622,0,2.44366,t=0.4
4.2056,0,-39.4401,5.50654,0,2.49308,t=0.41
4.26014,0,-39.4149,5.40036,0,2.54216,t=0.42
4.31362,0,-39.3892,5.2975,0,2.5909,t=0.43
4.3661,0,-39.3631,5.19777,0,2.6393,t=0.44
4.41759,0,-39.3365,5.10101,0,2.68736,t=0.45
4.46813,0,-39.3094,5.00705,0,2.73505,t=0.46
4.51774,0,-39.2818,4.91576,0,2.78239,t=0.47
4.56645,0,-39.2537,4.82699,0,2.82936,t=0.48
4.61429,0,-39.2252,4.74063,0,2.87596,t=0.49
4.66127,0,-39.1962,4.65654,0,2.92218,t=0.5
4.70742,0,-39.1667,4.57463,0,2.96801,t=0.51
4.75277,0,-39.1368,4.49479,0,3.01345,t=0.52
4.79733,0,-39.1065,4.41691,0,3.05848,t=0.53
4.84111,0,-39.0757,4.34091,0,3.10312,t=0.54
4.88415,0,-39.0444,4.26671,0,3.14733,t=0.55
4.92645,0,-39.0127,4.19423,0,3.19113,t=0.56
4.96804,0,-38.9806,4.12339,0,3.2345,t=0.57
5.00893,0,-38.948,4.05411,0,3.27744,t=0.58
5.04913,0,-38.915,3.98635,0,3.31993,t=0.59
5.08866,0,-38.8816,3.92002,0,3.36198,t=0.6
5.12753,0,-38.8478,3.85509,0,3.40357,t=0.61
5.16576,0,-38.8136,3.79148,0,3.4447,t=0.62
5.20337,0,-38.7789,3.72915,0,3.48537,t=0.63
5.24035,0,-38.7439,3.66806,0,3.52556,t=0.64
5.27673,0,-38.7084,3.60815,0,3.56528,t=0.65
5.31252,0,-38.6725,3.54939,0,3.60452,t=0.66
5.34772,0,-38.6363,3.49173,0,3.64326,t=0.67
5.38236,0,-38.5997,3.43514,0,3.68152,t=0.68
5.41643,0,-38.5627,3.37959,0,3.71928,t=0.69
5.44995,0,-38.5253,3.32503,0,3.75655,t=0.7
5.48293,0,-38.4876,3.27143,0,3.79331,t=0.71
5.51538,0,-38.4494,3.21878,0,3.82956,t=0.72
5.54731,0,-38.411,3.16703,0,3.8653,t=0.73
5.57873,0,-38.3721,3.11617,0,3.90054,t=0.74
5.60964,0,-38.333,3.06617,0,3.93526,t=0.75
5.64005,0,-38.2934,3.017,0,3.96946,t=0.76
5.66998,0,-38.2536,2.96864,0,4.00315,t=0.77
5.69943,0,-38.2134,2.92107,0,4.03632,t=0.78
5.72841,0,-38.1728,2.87428,0,4.06897,t=0.79
5.75692,0,-38.132,2.82823,0,4.1011,t=0.8
5.78497,0,-38.0908,2.78293,0,4.13272,t=0.81
5.81258,0,-38.0493,2.73834,0,4.16381,t=0.82
5.83974,0,-38.0075,2.69445,0,4.19439,t=0.83
5.86647,0,-37.9655,2.65125,0,4.22445,t=0.84
5.89277,0,-37.9231,2.60872,0,4.254,t=0.85
5.91865,0,-37.8804,2.56685,0,4.28303,t=0.86
5.94411,0,-37.8374,2.52562,0,4.31155,t=0.87
5.96916,0,-37.7941,2.48503,0,4.33956,t=0.88
5.99381,0,-37.7506,2.44505,0,4.36706,t=0.89
6.01806,0,-37.7068,2.40569,0,4.39406,t=0.9
6.04193,0,-37.6627,2.36692,0,4.42056,t=0.91
6.0654,0,-37.6184,2.32874,0,4.44656,t=0.92
6.0885,0,-37.5738,2.29114,0,4.47206,t=0.93
6.11123,0,-37.529,2.2541,0,4.49707,t=0.94
6.13359,0,-37.4839,2.21762,0,4.5216,t=0.95
6.15558,0,-37.4385,2.18169,0,4.54565,t=0.96
6.17722,0,-37.3929,2.1463,0,4.56921,t=0.97
6.19851,0,-37.3471,2.11145,0,4.59231,t=0.98
6.21945,0,-37.3011,2.07711,0,4.61493,t=0.99
6.24005,0,-37.2548,2.04329,0,4.6371,t=1
6.26032,0,-37.2084,2.00998,0,4.6588,t=1.01
6.28026,0,-37.1617,1.97718,0,4.68005,t=1.02
6.29987,0,-37.1148,1.94486,0,4.70085,t=1.03
6.31915,0,-37.0677,1.91303,0,4.72121,t=1.04
6.33813,0,-37.0203,1.88168,0,4.74114,t=1.05
6.35679,0,-36.9728,1.8508,0,4.76063,t=1.06
6.37515,0,-36.9251,1.82039,0,4.77969,t=1.07
6.3932,0,-36.8772,1.79044,0,4.79834,t=1.08
6.41096,0,-36.8292,1.76094,0,4.81658,t=1.09
6.42842,0,-36.7809,1.73189,0,4.83441,t=1.1
6.4456,0,-36.7325,1.70328,0,4.85183,t=1.11
6.46249,0,-36.6839,1.67511,0,4.86886,t=1.12
6.4791,0,-36.6351,1.64736,0,4.88551,t=1.13
6.49544,0,-36.5862,1.62004,0,4.90177,t=1.14
6.5115,0,-36.5371,1.59314,0,4.91765,t=1.15
6.5273,0,-36.4878,1.56665,0,4.93317,t=1.16
6.54284,0,-36.4384,1.54057,0,4.94832,t=1.17
6.55811,0,-36.3888,1.51488,0,4.96311,t=1.18
6.57313,0,-36.3391,1.4896,0,4.97755,t=1.19
6.58791,0,-36.2893,1.46471,0,4.99165,t=1.2
6.60243,0,-36.2393,1.4402,0,5.00541,t=1.21
6.61671,0,-36.1892,1.41607,0,5.01883,t=1.22
6.63075,0,-36.1389,1.39232,0,5.03193,t=1.23
6.64456,0,-36.0886,1.36895,0,5.04471,t=1.24
6.65813,0,-36.038,1.34593,0,5.05718,t=1.25
6.67148,0,-35.9874,1.32328,0,5.06934,t=1.26
6.6846,0,-35.9367,1.30098,0,5.0812,t=1.27
6.6975,0,-35.8858,1.27904,0,5.09276,t=1.28
6.71018,0,-35.8348,1.25744,0,5.10403,t=1.29
6.72265,0,-35.7837,1.23619,0,5.11502,t=1.3
6.73491,0,-35.7325,1.21527,0,5.12573,t=1.31
6.74696,0,-35.6812,1.19468,0,5.13617,t=1.32
6.7588,0,-35.6298,1.17442,0,5.14634,t=1.33
6.77045,0,-35.5783,1.15449,0,5.15626,t=1.34
6.78189,0,-35.5267,1.13487,0,5.16591,t=1.35
6.79314,0,-35.475,1.11557,0,5.17532,t=1.36
6.8042,0,-35.4232,1.09658,0,5.18448,t=1.37
6.81508,0,-35.3713,1.0779,0,5.19341,t=1.38
6.82576,0,-35.3193,1.05952,0,5.2021,t=1.39
6.83627,0,-35.2672,1.04143,0,5.21057,t=1.4
6.84659,0,-35.2151,1.02364,0,5.21881,t=1.41
6.85674,0,-35.1628,1.00614,0,5.22683,t=1.42
6.86672,0,-35.1105,0.988917,0,5.23464,t=1.43
6.87652,0,-35.0582,0.97198,0,5.24224,t=1.44
6.88616,0,-35.0057,0.95532,0,5.24964,t=1.45
6.89563,0,-34.9532,0.938932,0,5.25685,t=1.46
6.90494,0,-34.9006,0.922813,0,5.26386,t=1.47
6.91408,0,-34.8479,0.906958,0,5.27068,t=1.48
6.92308,0,-34.7951,0.891365,0,5.27731,t=1.49
6.93191,0,-34.7423,0.876029,0,5.28377,t=1.5
6.9406,0,-34.6895,0.860946,0,5.29005,t=1.51
6.94913,0,-34.6365,0.846112,0,5.29616,t=1.52
6.95752,0,-34.5835,0.831525,0,5.3021,t=1.53
6.96576,0,-34.5305,0.817179,0,5.30788,t=1.54
6.97387,0,-34.4774,0.803072,0,5.3135,t=1.55
6.98183,0,-34.4242,0.7892,0,5.31896,t=1.56
6.98965,0,-34.371,0.775559,0,5.32427,t=1.57
6.99734,0,-34.3177,0.762146,0,5.32944,t=1.58
7.00489,0,-34.2644,0.748957,0,5.33446,t=1.59
7.01232,0,-34.2111,0.735989,0,5.33935,t=1.6
7.01961,0,-34.1576,0.723238,0,5.34409,t=1.61
7.02678,0,-34.1042,0.710702,0,5.34871,t=1.62
7.03383,0,-34.0507,0.698376,0,5.35319,t=1.63
7.04075,0,-33.9971,0.686258,0,5.35755,t=1.64
7.04755,0,-33.9435,0.674344,0,5.36179,t=1.65
7.05424,0,-33.8899,0.662632,0,5.36591,t=1.66
7.06081,0,-33.8362,0.651117,0,5.36991,t=1.67
7.06726,0,-33.7825,0.639797,0,5.37379,t=1.68
7.0736,0,-33.7287,0.628669,0,5.37757,t=1.69
7.07984,0,-33.6749,0.61773,0,5.38124,t=1.7
7.08596,0,-33.6211,0.606976,0,5.3848,t=1.71
7.09198,0,-33.5672,0.596405,0,5.38827,t=1.72
7.09789,0,-33.5133,0.586014,0,5.39163,t=1.73
7.1037,0,-33.4594,0.5758,0,5.3949,t=1.74
7.10941,0,-33.4054,0.56576,0,5.39807,t=1.75
7.11501,0,-33.3514,0.555891,0,5.40115,t=1.76
7.12052,0,-33.2974,0.546191,0,5.40414,t=1.77
7.12594,0,-33.2434,0.536657,0,5.40705,t=1.78
7.13126,0,-33.1893,0.527285,0,5.40987,t=1.79
7.13648,0,-33.1352,0.518075,0,5.41262,t=1.8
7.14162,0,-33.081,0.509022,0,5.41528,t=1.81
7.14666,0,-33.0269,0.500125,0,5.41786,t=1.82
7.15162,0,-32.9727,0.49138,0,5.42037,t=1.83
7.15649,0,-32.9184,0.482786,0,5.42281,t=1.84
7.16128,0,-32.8642,0.474339,0,5.42517,t=1.85
7.16598,0,-32.8099,0.466038,0,5.42747,t=1.86
7.1706,0,-32.7557,0.45788,0,5.42969,t=1.87
7.17514,0,-32.7013,0.449862,0,5.43186,t=1.88
7.1796,0,-32.647,0.441983,0,5.43396,t=1.89
7.18398,0,-32.5927,0.434239,0,5.43599,t=1.9
7.18828,0,-32.5383,0.42663,0,5.43797,t=1.91
7.19251,0,-32.4839,0.419152,0,5.43989,t=1.92
7.19667,0,-32.4295,0.411803,0,5.44176,t=1.93
7.20075,0,-32.3751,0.404581,0,5.44356,t=1.94
7.20476,0,-32.3206,0.397485,0,5.44532,t=1.95
7.2087,0,-32.2662,0.390511,0,5.44702,t=1.96
7.21257,0,-32.2117,0.383659,0,5.44867,t=1.97
7.21637,0,-32.1572,0.376925,0,5.45027,t=1.98
7.22011,0,-32.1027,0.370308,0,5.45183,t=1.99
7.22378,0,-32.0482,0.363806,0,5.45334,t=2
7.22738,0,-31.9936,0.357416,0,5.4548,t=2.01
7.23093,0,-31.9391,0.351138,0,5.45622,t=2.02
7.23441,0,-31.8845,0.344969,0,5.4576,t=2.03
7.23783,0,-31.8299,0.338908,0,5.45894,t=2.04
7.24119,0,-31.7753,0.332951,0,5.46023,t=2.05
7.24449,0,-31.7207,0.327099,0,5.46149,t=2.06
7.24773,0,-31.6661,0.321348,0,5.46271,t=2.07
7.25091,0,-31.6115,0.315698,0,5.4639,t=2.08
7.25404,0,-31.5568,0.310146,0,5.46504,t=2.09
7.25712,0,-31.5022,0.304691,0,5.46616,t=2.1
7.26014,0,-31.4475,0.299332,0,5.46724,t=2.11
7.2631,0,-31.3928,0.294065,0,5.46828,t=2.12
7.26602,0,-31.3381,0.288891,0,5.4693,t=2.13
7.26888,0,-31.2834,0.283807,0,5.47028,t=2.14
7.27169,0,-31.2287,0.278812,0,5.47124,t=2.15
7.27446,0,-31.174,0.273904,0,5.47217,t=2.16
7.27717,0,-31.1193,0.269082,0,5.47306,t=2.17
7.27984,0,-31.0645,0.264344,0,5.47394,t=2.18
7.28246,0,-31.0098,0.25969,0,5.47478,t=2.19
7.28503,0,-30.955,0.255116,0,5.4756,t=2.2
7.28756,0,-30.9003,0.250623,0,5.47639,t=2.21
7.29005,0,-30.8455,0.246209,0,5.47716,t=2.22
7.29249,0,-30.7907,0.241871,0,5.47791,t=2.23
7.29488,0,-30.736,0.23761,0,5.47863,t=2.24
7.29724,0,-30.6812,0.233423,0,5.47934,t=2.25
7.29955,0,-30.6264,0.22931,0,5.48002,t=2.26
7.30183,0,-30.5716,0.225269,0,5.48068,t=2.27
7.30406,0,-30.5168,0.221299,0,5.48132,t=2.28
7.30625,0,-30.4619,0.217398,0,5.48194,t=2.29
7.30841,0,-30.4071,0.213566,0,5.48254,t=2.3
7.31052,0,-30.3523,0.209801,0,5.48312,t=2.31
7.3126,0,-30.2975,0.206102,0,5.48368,t=2.32
7.31465,0,-30.2426,0.202469,0,5.48423,t=2.33
7.31665,0,-30.1878,0.198898,0,5.48476,t=2.34
7.31862,0,-30.1329,0.195391,0,5.48528,t=2.35
7.32056,0,-30.0781,0.191945,0,5.48577,t=2.36
7.32246,0,-30.0232,0.18856,0,5.48626,t=2.37
7.32433,0,-29.9683,0.185234,0,5.48673,t=2.38
7.32617,0,-29.9135,0.181967,0,5.48718,t=2.39
7.32797,0,-29.8586,0.178757,0,5.48762,t=2.4
7.32974,0,-29.8037,0.175604,0,5.48804,t=2.41
7.33148,0,-29.7488,0.172506,0,5.48846,t=2.42
7.33319,0,-29.6939,0.169462,0,5.48886,t=2.43
7.33487,0,-29.6391,0.166472,0,5.48925,t=2.44
7.33652,0,-29.5842,0.163535,0,5.48962,t=2.45
7.33814,0,-29.5293,0.160649,0,5.48999,t=2.46
7.33974,0,-29.4744,0.157815,0,5.49034,t=2.47
7.3413,0,-29.4195,0.15503,0,5.49068,t=2.48
7.34284,0,-29.3645,0.152294,0,5.49101,t=2.49
7.34435,0,-29.3096,0.149606,0,5.49133,t=2.5
7.34583,0,-29.2547,0.146965,0,5.49165,t=2.51
7.34729,0,-29.1998,0.144371,0,5.49195,t=2.52
7.34872,0,-29.1449,0.141823,0,5.49224,t=2.53
7.35012,0,-29.09,0.139319,0,5.49252,t=2.54
7.3515,0,-29.035,0.13686,0,5.4928,t=2.55
7.35286,0,-28.9801,0.134444,0,5.49306,t=2.56
7.35419,0,-28.9252,0.132071,0,5.49332,t=2.57
7.3555,0,-28.8702,0.129739,0,5.49357,t=2.58
7.35679,0,-28.8153,0.127448,0,5.49381,t=2.59
7.35805,0,-28.7604,0.125198,0,5.49405,t=2.6
7.35929,0,-28.7054,0.122988,0,5.49427,t=2.61
7.36051,0,-28.6505,0.120816,0,5.49449,t=2.62
7.36171,0,-28.5955,0.118683,0,5.49471,t=2.63
7.36288,0,-28.5406,0.116587,0,5.49491,t=2.64
7.36404,0,-28.4856,0.114528,0,5.49511,t=2.65
7.36518,0,-28.4307,0.112506,0,5.49531,t=2.66
7.36629,0,-28.3757,0.110519,0,5.49549,t=2.67
7.36739,0,-28.3208,0.108567,0,5.49568,t=2.68
7.36846,0,-28.2658,0.10665,0,5.49585,t=2.69
7.36952,0,-28.2109,0.104767,0,5.49602,t=2.7
7.37056,0,-28.1559,0.102916,0,5.49619,t=2.71
7.37158,0,-28.1009,0.101099,0,5.49635,t=2.72
7.37258,0,-28.046,0.099313,0,5.4965,t=2.73
7.37356,0,-27.991,0.0975589,0,5.49665,t=2.74
7.37453,0,-27.936,0.0958358,0,5.4968,t=2.75
7.37548,0,-27.8811,0.094143,0,5.49694,t=2.76
7.37641,0,-27.8261,0.0924801,0,5.49707,t=2.77
7.37733,0,-27.7711,0.0908466,0,5.49721,t=2.78
7.37823,0,-27.7161,0.0892419,0,5.49733,t=2.79
7.37912,0,-27.6612,0.0876654,0,5.49746,t=2.8
7.37998,0,-27.6062,0.0861169,0,5.49758,t=2.81
7.38084,0,-27.5512,0.0845956,0,5.49769,t=2.82
7.38168,0,-27.4962,0.0831012,0,5.49781,t=2.83
7.3825,0,-27.4413,0.0816332,0,5.49792,t=2.84
7.38331,0,-27.3863,0.0801911,0,5.49802,t=2.85
7.3841,0,-27.3313,0.0787744,0,5.49812,t=2.86
7.38488,0,-27.2763,0.0773827,0,5.49822,t=2.87
7.38565,0,-27.2213,0.0760156,0,5.49832,t=2.88
7.3864,0,-27.1664,0.0746727,0,5.49841,t=2.89
7.38714,0,-27.1114,0.0733534,0,5.4985,t=2.9
7.38787,0,-27.0564,0.0720575,0,5.49859,t=2.91
7.38859,0,-27.0014,0.0707844,0,5.49867,t=2.92
7.38929,0,-26.9464,0.0695338,0,5.49875,t=2.93
7.38998,0,-26.8914,0.0683053,0,5.49883,t=2.94
7.39065,0,-26.8364,0.0670984,0,5.49891,t=2.95
7.39132,0,-26.7814,0.0659129,0,5.49898,t=2.96
7.39197,0,-26.7265,0.0647483,0,5.49906,t=2.97
7.39261,0,-26.6715,0.0636043,0,5.49913,t=2.98
7.39324,0,-26.6165,0.0624805,0,5.49919,t=2.99
7.39386,0,-26.5615,0.0613765,0,5.49926,t=3
7.39447,0,-26.5065,0.0602921,0,5.49932,t=3.01
7.39507,0,-26.4515,0.0592267,0,5.49938,t=3.02
7.39566,0,-26.3965,0.0581802,0,5.49944,t=3.03
7.39623,0,-26.3415,0.0571522,0,5.4995,t=3.04
7.3968,0,-26.2865,0.0561423,0,5.49955,t=3.05
7.39736,0,-26.2315,0.0551503,0,5.49961,t=3.06
7.3979,0,-26.1765,0.0541758,0,5.49966,t=3.07
7.39844,0,-26.1215,0.0532185,0,5.49971,t=3.08
7.39897,0,-26.0665,0.0522781,0,5.49976,t=3.09
7.39949,0,-26.0115,0.0513543,0,5.49981,t=3.1
7.39999,0,-25.9565,0.0504468,0,5.49985,t=3.11
7.40049,0,-25.9015,0.0495554,0,5.4999,t=3.12
7.40099,0,-25.8465,0.0486797,0,5.49994,t=3.13
7.40147,0,-25.7915,0.0478195,0,5.49998,t=3.14
7.40194,0,-25.7365,0.0469745,0,5.50002,t=3.15
7.40241,0,-25.6815,0.0461444,0,5.50006,t=3.16
7.40286,0,-25.6265,0.045329,0,5.5001,t=3.17
7.40331,0,-25.5715,0.0445279,0,5.50013,t=3.18
7.40376,0,-25.5165,0.0437411,0,5.50017,t=3.19
7.40419,0,-25.4615,0.0429681,0,5.5002,t=3.2
7.40461,0,-25.4065,0.0422088,0,5.50024,t=3.21
7.40503,0,-25.3515,0.0414629,0,5.50027,t=3.22
7.40544,0,-25.2965,0.0407302,0,5.5003,t=3.23
7.40585,0,-25.2415,0.0400104,0,5.50033,t=3.24
7.40624,0,-25.1865,0.0393033,0,5.50036,t=3.25
7.40663,0,-25.1315,0.0386087,0,5.50039,t=3.26
7.40702,0,-25.0765,0.0379264,0,5.50041,t=3.27
7.40739,0,-25.0215,0.0372562,0,5.50044,t=3.28
7.40776,0,-24.9665,0.0365978,0,5.50046,t=3.29
7.40812,0,-24.9115,0.035951,0,5.50049,t=3.3
7.40848,0,-24.8565,0.0353157,0,5.50051,t=3.31
7.40883,0,-24.8015,0.0346916,0,5.50054,t=3.32
7.40917,0,-24.7465,0.0340785,0,5.50056,t=3.33
7.40951,0,-24.6915,0.0334762,0,5.50058,t=3.34
7.40984,0,-24.6365,0.0328846,0,5.5006,t=3.35
7.41017,0,-24.5815,0.0323035,0,5.50062,t=3.36
7.41049,0,-24.5265,0.0317326,0,5.50064,t=3.37
7.4108,0,-24.4714,0.0311718,0,5.50066,t=3.38
7.41111,0,-24.4164,0.0306209,0,5.50068,t=3.39
7.41142,0,-24.3614,0.0300797,0,5.5007,t=3.4
7.41172,0,-24.3064,0.0295481,0,5.50071,t=3.41
7.41201,0,-24.2514,0.0290259,0,5.50073,t=3.42
7.4123,0,-24.1964,0.0285129,0,5.50075,t=3.43
7.41258,0,-24.1414,0.028009,0,5.50076,t=3.44
7.41286,0,-24.0864,0.027514,0,5.50078,t=3.45
7.41313,0,-24.0314,0.0270278,0,5.50079,t=3.46
7.4134,0,-23.9764,0.0265501,0,5.50081,t=3.47
7.41366,0,-23.9214,0.0260809,0,5.50082,t=3.48
7.41392,0,-23.8664,0.0256199,0,5.50083,t=3.49
7.41417,0,-23.8114,0.0251672,0,5.50085,t=3.5
7.41442,0,-23.7563,0.0247224,0,5.50086,t=3.51
7.41467,0,-23.7013,0.0242854,0,5.50087,t=3.52
7.41491,0,-23.6463,0.0238562,0,5.50088,t=3.53
7.41514,0,-23.5913,0.0234346,0,5.50089,t=3.54
7.41538,0,-23.5363,0.0230204,0,5.5009,t=3.55
7.4156,0,-23.4813,0.0226136,0,5.50091,t=3.56
7.41583,0,-23.4263,0.0222139,0,5.50092,t=3.57
7.41605,0,-23.3713,0.0218213,0,5.50093,t=3.58
7.41626,0,-23.3163,0.0214357,0,5.50094,t=3.59
7.41648,0,-23.2613,0.0210568,0,5.50095,t=3.6
7.41669,0,-23.2063,0.0206847,0,5.50096,t=3.61
7.41689,0,-23.1512,0.0203191,0,5.50097,t=3.62
7.41709,0,-23.0962,0.01996,0,5.50098,t=3.63
7.41729,0,-23.0412,0.0196072,0,5.50099,t=3.64
7.41748,0,-22.9862,0.0192607,0,5.50099,t=3.65
7.41768,0,-22.9312,0.0189203,0,5.501,t=3.66
7.41786,0,-22.8762,0.0185859,0,5.50101,t=3.67
7.41805,0,-22.8212,0.0182574,0,5.50102,t=3.68
7.41823,0,-22.7662,0.0179347,0,5.50102,t=3.69
7.41841,0,-22.7112,0.0176178,0,5.50103,t=3.7
7.41858,0,-22.6562,0.0173064,0,5.50104,t=3.71
7.41875,0,-22.6011,0.0170005,0,5.50104,t=3.72
7.41892,0,-22.5461,0.0167001,0,5.50105,t=3.73
7.41909,0,-22.4911,0.0164049,0,5.50105,t=3.74
7.41925,0,-22.4361,0.016115,0,5.50106,t=3.75
7.41941,0,-22.3811,0.0158301,0,5.50107,t=3.76
7.41957,0,-22.3261,0.0155504,0,5.50107,t=3.77
7.41972,0,-22.2711,0.0152755,0,5.50108,t=3.78
7.41987,0,-22.2161,0.0150056,0,5.50108,t=3.79
7.42002,0,-22.1611,0.0147403,0,5.50109,t=3.8
7.42017,0,-22.106,0.0144798,0,5.50109,t=3.81
7.42031,0,-22.051,0.0142239,0,5.50109,t=3.82
7.42045,0,-21.996,0.0139725,0,5.5011,t=3.83
7.42059,0,-21.941,0.0137256,0,5.5011,t=3.84
7.42072,0,-21.886,0.013483,0,5.50111,t=3.85
7.42086,0,-21.831,0.0132447,0,5.50111,t=3.86
7.42099,0,-21.776,0.0130106,0,5.50112,t=3.87
7.42112,0,-21.721,0.0127806,0,5.50112,t=3.88
7.42125,0,-21.666,0.0125548,0,5.50112,t=3.89
7.42137,0,-21.6109,0.0123329,0,5.50113,t=3.9
7.42149,0,-21.5559,0.0121149,0,5.50113,t=3.91
7.42161,0,-21.5009,0.0119008,0,5.50113,t=3.92
7.42173,0,-21.4459,0.0116904,0,5.50114,t=3.93
7.42185,0,-21.3909,0.0114838,0,5.50114,t=3.94
7.42196,0,-21.3359,0.0112809,0,5.50114,t=3.95
7.42207,0,-21.2809,0.0110815,0,5.50114,t=3.96
7.42218,0,-21.2259,0.0108856,0,5.50115,t=3.97
7.42229,0,-21.1709,0.0106932,0,5.50115,t=3.98
7.4224,0,-21.1158,0.0105042,0,5.50115,t=3.99
7.4225,0,-21.0608,0.0103186,0,5.50115,t=4
7.4226,0,-21.0058,0.0101362,0,5.50116,t=4.01
7.4227,0,-20.9508,0.00995706,0,5.50116,t=4.02
7.4228,0,-20.8958,0.00978108,0,5.50116,t=4.03
7.4229,0,-20.8408,0.00960821,0,5.50116,t=4.04
7.42299,0,-20.7858,0.00943839,0,5.50117,t=4.05
7.42309,0,-20.7308,0.00927158,0,5.50117,t=4.06
7.42318,0,-20.6758,0.00910771,0,5.50117,t=4.07
7.42327,0,-20.6207,0.00894674,0,5.50117,t=4.08
7.42336,0,-20.5657,0.00878861,0,5.50117,t=4.09
7.42344,0,-20.5107,0.00863328,0,5.50118,t=4.1
7.42353,0,-20.4557,0.00848069,0,5.50118,t=4.11
7.42361,0,-20.4007,0.0083308,0,5.50118,t=4.12
7.4237,0,-20.3457,0.00818356,0,5.50118,t=4.13
7.42378,0,-20.2907,0.00803893,0,5.50118,t=4.14
7.42386,0,-20.2357,0.00789684,0,5.50118,t=4.15
7.42394,0,-20.1806,0.00775727,0,5.50118,t=4.16
7.42401,0,-20.1256,0.00762017,0,5.50119,t=4.17
7.42409,0,-20.0706,0.00748549,0,5.50119,t=4.18
7.42416,0,-20.0156,0.00735319,0,5.50119,t=4.19
7.42424,0,-19.9606,0.00722323,0,5.50119,t=4.2
7.42431,0,-19.9056,0.00709556,0,5.50119,t=4.21
7.42438,0,-19.8506,0.00697015,0,5.50119,t=4.22
7.42445,0,-19.7956,0.00684696,0,5.50119,t=4.23
7.42451,0,-19.7406,0.00672595,0,5.50119,t=4.24
7.42458,0,-19.6855,0.00660707,0,5.5012,t=4.25
7.42465,0,-19.6305,0.0064903,0,5.5012,t=4.26
7.42471,0,-19.5755,0.00637558,0,5.5012,t=4.27
7.42477,0,-19.5205,0.0062629,0,5.5012,t=4.28
7.42484,0,-19.4655,0.00615221,0,5.5012,t=4.29
7.4249,0,-19.4105,0.00604347,0,5.5012,t=4.3
7.42496,0,-19.3555,0.00593666,0,5.5012,t=4.31
7.42502,0,-19.3005,0.00583173,0,5.5012,t=4.32
7.42507,0,-19.2454,0.00572866,0,5.5012,t=4.33
7.42513,0,-19.1904,0.00562741,0,5.5012,t=4.34
7.42519,0,-19.1354,0.00552795,0,5.5012,t=4.35
7.42524,0,-19.0804,0.00543025,0,5.50121,t=4.36
7.42529,0,-19.0254,0.00533427,0,5.50121,t=4.37
7.42535,0,-18.9704,0.00523999,0,5.50121,t=4.38
7.4254,0,-18.9154,0.00514738,0,5.50121,t=4.39
7.42545,0,-18.8604,0.0050564,0,5.50121,t=4.4
7.4255,0,-18.8053,0.00496704,0,5.50121,t=4.41
7.42555,0,-18.7503,0.00487925,0,5.50121,t=4.42
7.4256,0,-18.6953,0.00479301,0,5.50121,t=4.43
7.42565,0,-18.6403,0.0047083,0,5.50121,t=4.44
7.42569,0,-18.5853,0.00462508,0,5.50121,t=4.45
7.42574,0,-18.5303,0.00454334,0,5.50121,t=4.46
7.42578,0,-18.4753,0.00446304,0,5.50121,t=4.47
7.42583,0,-18.4203,0.00438416,0,5.50121,t=4.48
7.42587,0,-18.3653,0.00430667,0,5.50121,t=4.49
7.42591,0,-18.3102,0.00423055,0,5.50121,t=4.5
7.42596,0,-18.2552,0.00415578,0,5.50121,t=4.51
7.426,0,-18.2002,0.00408233,0,5.50121,t=4.52
7.42604,0,-18.1452,0.00401018,0,5.50122,t=4.53
7.42608,0,-18.0902,0.0039393,0,5.50122,t=4.54
7.42612,0,-18.0352,0.00386968,0,5.50122,t=4.55
7.42615,0,-17.9802,0.00380128,0,5.50122,t=4.56
7.42619,0,-17.9252,0.0037341,0,5.50122,t=4.57
7.42623,0,-17.8701,0.0036681,0,5.50122,t=4.58
7.42627,0,-17.8151,0.00360327,0,5.50122,t=4.59
7.4263,0,-17.7601,0.00353958,0,5.50122,t=4.6
7.42634,0,-17.7051,0.00347702,0,5.50122,t=4.61
7.42637,0,-17.6501,0.00341557,0,5.50122,t=4.62
7.4264,0,-17.5951,0.0033552,0,5.50122,t=4.63
7.42644,0,-17.5401,0.0032959,0,5.50122,t=4.64
7.42647,0,-17.4851,0.00323765,0,5.50122,t=4.65
7.4265,0,-17.43,0.00318042,0,5.50122,t=4.66
7.42653,0,-17.375,0.00312421,0,5.50122,t=4.67
7.42656,0,-17.32,0.00306899,0,5.50122,t=4.68
7.4266,0,-17.265,0.00301475,0,5.50122,t=4.69
7.42662,0,-17.21,0.00296147,0,5.50122,t=4.7
7.42665,0,-17.155,0.00290913,0,5.50122,t=4.71
7.42668,0,-17.1,0.00285771,0,5.50122,t=4.72
7.42671,0,-17.045,0.0028072,0,5.50122,t=4.73
7.42674,0,-16.9899,0.00275759,0,5.50122,t=4.74
7.42677,0,-16.9349,0.00270885,0,5.50122,t=4.75
7.42679,0,-16.8799,0.00266097,0,5.50122,t=4.76
7.42682,0,-16.8249,0.00261394,0,5.50122,t=4.77
7.42685,0,-16.7699,0.00256774,0,5.50122,t=4.78
7.42687,0,-16.7149,0.00252236,0,5.50122,t=4.79
7.4269,0,-16.6599,0.00247778,0,5.50122,t=4.8
7.42692,0,-16.6049,0.00243398,0,5.50122,t=4.81
7.42694,0,-16.5498,0.00239096,0,5.50122,t=4.82
7.42697,0,-16.4948,0.00234871,0,5.50122,t=4.83
7.42699,0,-16.4398,0.00230719,0,5.50122,t=4.84
7.42701,0,-16.3848,0.00226642,0,5.50122,t=4.85
7.42704,0,-16.3298,0.00222636,0,5.50122,t=4.86
7.42706,0,-16.2748,0.00218701,0,5.50122,t=4.87
7.42708,0,-16.2198,0.00214836,0,5.50122,t=4.88
7.4271,0,-16.1648,0.00211038,0,5.50122,t=4.89
7.42712,0,-16.1098,0.00207309,0,5.50122,t=4.9
7.42714,0,-16.0547,0.00203644,0,5.50122,t=4.91
7.42716,0,-15.9997,0.00200045,0,5.50122,t=4.92
7.42718,0,-15.9447,0.0019651,0,5.50122,t=4.93
7.4272,0,-15.8897,0.00193036,0,5.50122,t=4.94
7.42722,0,-15.8347,0.00189625,0,5.50122,t=4.95
7.42724,0,-15.7797,0.00186273,0,5.50122,t=4.96
7.42726,0,-15.7247,0.00182981,0,5.50122,t=4.97
7.42728,0,-15.6697,0.00179747,0,5.50122,t=4.98
7.4273,0,-15.6146,0.0017657,0,5.50122,t=4.99
7.42731,0,-15.5596,0.00173449,0,5.50123,t=5
7.42733,0,-15.5046,0.00170384,0,5.50123,t=5.01
7.42735,0,-15.4496,0.00167372,0,5.50123,t=5.02
7.42736,0,-15.3946,0.00164414,0,5.50123,t=5.03
7.42738,0,-15.3396,0.00161508,0,5.50123,t=5.04
7.4274,0,-15.2846,0.00158653,0,5.50123,t=5.05
7.42741,0,-15.2296,0.00155849,0,5.50123,t=5.06
7.42743,0,-15.1745,0.00153095,0,5.50123,t=5.07
7.42744,0,-15.1195,0.00150389,0,5.50123,t=5.08
7.42746,0,-15.0645,0.00147731,0,5.50123,t=5.09
7.42747,0,-15.0095,0.0014512,0,5.50123,t=5.1
7.42749,0,-14.9545,0.00142555,0,5.50123,t=5.11
7.4275,0,-14.8995,0.00140035,0,5.50123,t=5.12
7.42751,0,-14.8445,0.0013756,0,5.50123,t=5.13
7.42753,0,-14.7895,0.00135129,0,5.50123,t=5.14
7.42754,0,-14.7344,0.00132741,0,5.50123,t=5.15
7.42755,0,-14.6794,0.00130395,0,5.50123,t=5.16
7.42757,0,-14.6244,0.0012809,0,5.50123,t=5.17
7.42758,0,-14.5694,0.00125826,0,5.50123,t=5.18
7.42759,0,-14.5144,0.00123602,0,5.50123,t=5.19
7.4276,0,-14.4594,0.00121418,0,5.50123,t=5.2
7.42762,0,-14.4044,0.00119272,0,5.50123,t=5.21
7.42763,0,-14.3494,0.00117164,0,5.50123,t=5.22
7.42764,0,-14.2943,0.00115093,0,5.50123,t=5.23
7.42765,0,-14.2393,0.00113059,0,5.50123,t=5.24
7.42766,0,-14.1843,0.0011106,0,5.50123,t=5.25
7.42767,0,-14.1293,0.00109098,0,5.50123,t=5.26
7.42768,0,-14.0743,0.00107169,0,5.50123,t=5.27
7.4277,0,-14.0193,0.00105275,0,5.50123,t=5.28
7.42771,0,-13.9643,0.00103415,0,5.50123,t=5.29
7.42772,0,-13.9093,0.00101587,0,5.50123,t=5.3
7.42773,0,-13.8542,0.000997913,0,5.50123,t=5.31
7.42774,0,-13.7992,0.000980275,0,5.50123,t=5.32
7.42775,0,-13.7442,0.000962949,0,5.50123,t=5.33
7.42776,0,-13.6892,0.00094593,0,5.50123,t=5.34
7.42776,0,-13.6342,0.000929211,0,5.50123,t=5.35
7.42777,0,-13.5792,0.000912788,0,5.50123,t=5.36
7.42778,0,-13.5242,0.000896655,0,5.50123,t=5.37
7.42779,0,-13.4692,0.000880807,0,5.50123,t=5.38
7.4278,0,-13.4141,0.00086524,0,5.50123,t=5.39
7.42781,0,-13.3591,0.000849947,0,5.50123,t=5.4
7.42782,0,-13.3041,0.000834925,0,5.50123,t=5.41
7.42783,0,-13.2491,0.000820168,0,5.50123,t=5.42
7.42783,0,-13.1941,0.000805672,0,5.50123,t=5.43
7.42784,0,-13.1391,0.000791433,0,5.50123,t=5.44
7.42785,0,-13.0841,0.000777445,0,5.50123,t=5.45
7.42786,0,-13.0291,0.000763704,0,5.50123,t=5.46
7.42787,0,-12.9741,0.000750206,0,5.50123,t=5.47
7.42787,0,-12.919,0.000736946,0,5.50123,t=5.48
7.42788,0,-12.864,0.000723921,0,5.50123,t=5.49
7.42789,0,-12.809,0.000711127,0,5.50123,t=5.5
7.42789,0,-12.754,0.000698558,0,5.50123,t=5.51
7.4279,0,-12.699,0.000686211,0,5.50123,t=5.52
7.42791,0,-12.644,0.000674083,0,5.50123,t=5.53
7.42791,0,-12.589,0.000662169,0,5.50123,t=5.54
7.42792,0,-12.534,0.000650466,0,5.50123,t=5.55
7.42793,0,-12.4789,0.000638969,0,5.50123,t=5.56
7.42793,0,-12.4239,0.000627676,0,5.50123,t=5.57
7.42794,0,-12.3689,0.000616582,0,5.50123,t=5.58
7.42795,0,-12.3139,0.000605684,0,5.50123,t=5.59
7.42795,0,-12.2589,0.000594979,0,5.50123,t=5.6
7.42796,0,-12.2039,0.000584463,0,5.50123,t=5.61
7.42796,0,-12.1489,0.000574133,0,5.50123,t=5.62
7.42797,0,-12.0939,0.000563986,0,5.50123,t=5.63
7.42798,0,-12.0388,0.000554018,0,5.50123,t=5.64
7.42798,0,-11.9838,0.000544226,0,5.50123,t=5.65
7.42799,0,-11.9288,0.000534607,0,5.50123,t=5.66
7.42799,0,-11.8738,0.000525158,0,5.50123,t=5.67
7.428,0,-11.8188,0.000515877,0,5.50123,t=5.68
7.428,0,-11.7638,0.000506759,0,5.50123,t=5.69
7.42801,0,-11.7088,0.000497802,0,5.50123,t=5.7
7.42801,0,-11.6538,0.000489004,0,5.50123,t=5.71
7.42802,0,-11.5987,0.000480361,0,5.50123,t=5.72
7.42802,0,-11.5437,0.000471871,0,5.50123,t=5.73
7.42803,0,-11.4887,0.000463531,0,5.50123,t=5.74
7.42803,0,-11.4337,0.000455338,0,5.50123,t=5.75
7.42803,0,-11.3787,0.000447291,0,5.50123,t=5.76
7.42804,0,-11.3237,0.000439385,0,5.50123,t=5.77
7.42804,0,-11.2687,0.000431619,0,5.50123,t=5.78
7.42805,0,-11.2137,0.000423991,0,5.50123,t=5.79
7.42805,0,-11.1586,0.000416497,0,5.50123,t=5.8
7.42806,0,-11.1036,0.000409136,0,5.50123,t=5.81
7.42806,0,-11.0486,0.000401904,0,5.50123,t=5.82
7.42806,0,-10.9936,0.000394801,0,5.50123,t=5.83
7.42807,0,-10.9386,0.000387823,0,5.50123,t=5.84
7.42807,0,-10.8836,0.000380969,0,5.50123,t=5.85
7.42808,0,-10.8286,0.000374235,0,5.50123,t=5.86
7.42808,0,-10.7736,0.000367621,0,5.50123,t=5.87
7.42808,0,-10.7185,0.000361123,0,5.50123,t=5.88
7.42809,0,-10.6635,0.000354741,0,5.50123,t=5.89
7.42809,0,-10.6085,0.000348471,0,5.50123,t=5.9
7.42809,0,-10.5535,0.000342312,0,5.50123,t=5.91
7.4281,0,-10.4985,0.000336262,0,5.50123,t=5.92
7.4281,0,-10.4435,0.000330319,0,5.50123,t=5.93
7.4281,0,-10.3885,0.000324481,0,5.50123,t=5.94
7.42811,0,-10.3335,0.000318746,0,5.50123,t=5.95
7.42811,0,-10.2785,0.000313112,0,5.50123,t=5.96
7.42811,0,-10.2234,0.000307578,0,5.50123,t=5.97
7.42812,0,-10.1684,0.000302142,0,5.50123,t=5.98
7.42812,0,-10.1134,0.000296802,0,5.50123,t=5.99
7.42812,0,-10.0584,0.000291556,0,5.50123,t=6
7.42813,0,-10.0034,0.000286403,0,5.50123,t=6.01
7.42813,0,-9.94838,0.000281341,0,5.50123,t=6.02
7.42813,0,-9.89336,0.000276368,0,5.50123,t=6.03
7.42813,0,-9.83835,0.000271484,0,5.50123,t=6.04
7.42814,0,-9.78334,0.000266685,0,5.50123,t=6.05
7.42814,0,-9.72833,0.000261972,0,5.50123,t=6.06
7.42814,0,-9.67332,0.000257342,0,5.50123,t=6.07
7.42814,0,-9.6183,0.000252793,0,5.50123,t=6.08
7.42815,0,-9.56329,0.000248325,0,5.50123,t=6.09
7.42815,0,-9.50828,0.000243936,0,5.50123,t=6.1
7.42815,0,-9.45327,0.000239625,0,5.50123,t=6.11
7.42815,0,-9.39825,0.00023539,0,5.50123,t=6.12
7.42816,0,-9.34324,0.000231229,0,5.50123,t=6.13
7.42816,0,-9.28823,0.000227143,0,5.50123,t=6.14
7.42816,0,-9.23322,0.000223128,0,5.50123,t=6.15
7.42816,0,-9.1782,0.000219184,0,5.50123,t=6.16
7.42816,0,-9.12319,0.00021531,0,5.50123,t=6.17
7.42817,0,-9.06818,0.000211505,0,5.50123,t=6.18
7.42817,0,-9.01317,0.000207767,0,5.50123,t=6.19
7.42817,0,-8.95816,0.000204095,0,5.50123,t=6.2
7.42817,0,-8.90314,0.000200487,0,5.50123,t=6.21
7.42818,0,-8.84813,0.000196944,0,5.50123,t=6.22
7.42818,0,-8.79312,0.000193463,0,5.50123,t=6.23
7.42818,0,-8.73811,0.000190044,0,5.50123,t=6.24
7.42818,0,-8.68309,0.000186685,0,5.50123,t=6.25
7.42818,0,-8.62808,0.000183385,0,5.50123,t=6.26
7.42818,0,-8.57307,0.000180144,0,5.50123,t=6.27
7.42819,0,-8.51806,0.00017696,0,5.50123,t=6.28
7.42819,0,-8.46305,0.000173832,0,5.50123,t=6.29
7.42819,0,-8.40803,0.00017076,0,5.50123,t=6.3
7.42819,0,-8.35302,0.000167742,0,5.50123,t=6.31
7.42819,0,-8.29801,0.000164777,0,5.50123,t=6.32
7.42819,0,-8.243,0.000161865,0,5.50123,t=6.33
7.4282,0,-8.18798,0.000159004,0,5.50123,t=6.34
7.4282,0,-8.13297,0.000156194,0,5.50123,t=6.35
7.4282,0,-8.07796,0.000153433,0,5.50123,t=6.36
7.4282,0,-8.02295,0.000150721,0,5.50123,t=6.37
7.4282,0,-7.96793,0.000148057,0,5.50123,t=6.38
7.4282,0,-7.91292,0.000145441,0,5.50123,t=6.39
7.42821,0,-7.85791,0.00014287,0,5.50123,t=6.4
7.42821,0,-7.8029,0.000140345,0,5.50123,t=6.41
7.42821,0,-7.74789,0.000137864,0,5.50123,t=6.42
7.42821,0,-7.69287,0.000135428,0,5.50123,t=6.43
7.42821,0,-7.63786,0.000133034,0,5.50123,t=6.44
7.42821,0,-7.58285,0.000130683,0,5.50123,t=6.45
7.42821,0,-7.52784,0.000128373,0,5.50123,t=6.46
7.42822,0,-7.47282,0.000126104,0,5.50123,t=6.47
7.42822,0,-7.41781,0.000123875,0,5.50123,t=6.48
7.42822,0,-7.3628,0.000121686,0,5.50123,t=6.49
7.42822,0,-7.30779,0.000119535,0,5.50123,t=6.5
7.42822,0,-7.25278,0.000117423,0,5.50123,t=6.51
7.42822,0,-7.19776,0.000115347,0,5.50123,t=6.52
7.42822,0,-7.14275,0.000113309,0,5.50123,t=6.53
7.42822,0,-7.08774,0.000111306,0,5.50123,t=6.54
7.42822,0,-7.03273,0.000109339,0,5.50123,t=6.55
7.42823,0,-6.97771,0.000107406,0,5.50123,t=6.56
7.42823,0,-6.9227,0.000105508,0,5.50123,t=6.57
7.42823,0,-6.86769,0.000103643,0,5.50123,t=6.58
7.42823,0,-6.81268,0.000101811,0,5.50123,t=6.59
7.42823,0,-6.75766,0.000100012,0,5.50123,t=6.6
7.42823,0,-6.70265,9.82442e-05,0,5.50123,t=6.61
7.42823,0,-6.64764,9.65078e-05,0,5.50123,t=6.62
7.42823,0,-6.59263,9.48021e-05,0,5.50123,t=6.63
7.42823,0,-6.53762,9.31265e-05,0,5.50123,t=6.64
7.42823,0,-6.4826,9.14805e-05,0,5.50123,t=6.65
7.42824,0,-6.42759,8.98637e-05,0,5.50123,t=6.66
7.42824,0,-6.37258,8.82754e-05,0,5.50123,t=6.67
7.42824,0,-6.31757,8.67152e-05,0,5.50123,t=6.68
7.42824,0,-6.26255,8.51826e-05,0,5.50123,t=6.69
7.42824,0,-6.20754,8.3677e-05,0,5.50123,t=6.7
7.42824,0,-6.15253,8.21981e-05,0,5.50123,t=6.71
7.42824,0,-6.09752,8.07453e-05,0,5.50123,t=6.72
7.42824,0,-6.0425,7.93182e-05,0,5.50123,t=6.73
7.42824,0,-5.98749,7.79163e-05,0,5.50123,t=6.74
7.42824,0,-5.93248,7.65392e-05,0,5.50123,t=6.75
7.42824,0,-5.87747,7.51864e-05,0,5.50123,t=6.76
7.42824,0,-5.82246,7.38575e-05,0,5.50123,t=6.77
7.42825,0,-5.76744,7.25521e-05,0,5.50123,t=6.78
7.42825,0,-5.71243,7.12698e-05,0,5.50123,t=6.79
7.42825,0,-5.65742,7.00102e-05,0,5.50123,t=6.8
7.42825,0,-5.60241,6.87728e-05,0,5.50123,t=6.81
7.42825,0,-5.54739,6.75573e-05,0,5.50123,t=6.82
7.42825,0,-5.49238,6.63633e-05,0,5.50123,t=6.83
7.42825,0,-5.43737,6.51903e-05,0,5.50123,t=6.84
7.42825,0,-5.38236,6.40381e-05,0,5.50123,t=6.85
7.42825,0,-5.32735,6.29063e-05,0,5.50123,t=6.86
7.42825,0,-5.27233,6.17945e-05,0,5.50123,t=6.87
7.42825,0,-5.21732,6.07023e-05,0,5.50123,t=6.88
7.42825,0,-5.16231,5.96294e-05,0,5.50123,t=6.89
7.42825,0,-5.1073,5.85755e-05,0,5.50123,t=6.9
7.42825,0,-5.05228,5.75402e-05,0,5.50123,t=6.91
7.42825,0,-4.99727,5.65232e-05,0,5.50123,t=6.92
7.42825,0,-4.94226,5.55242e-05,0,5.50123,t=6.93
7.42826,0,-4.88725,5.45429e-05,0,5.50123,t=6.94
7.42826,0,-4.83223,5.35789e-05,0,5.50123,t=6.95
7.42826,0,-4.77722,5.26319e-05,0,5.50123,t=6.96
7.42826,0,-4.72221,5.17017e-05,0,5.50123,t=6.97
7.42826,0,-4.6672,5.07879e-05,0,5.50123,t=6.98
7.42826,0,-4.61219,4.98902e-05,0,5.50123,t=6.99
7.42826,0,-4.55717,4.90085e-05,0,5.50123,t=7
7.42826,0,-4.50216,4.81423e-05,0,5.50123,t=7.01
7.42826,0,-4.44715,4.72914e-05,0,5.50123,t=7.02
7.42826,0,-4.39214,4.64555e-05,0,5.50123,t=7.03
7.42826,0,-4.33712,4.56345e-05,0,5.50123,t=7.04
7.42826,0,-4.28211,4.48279e-05,0,5.50123,t=7.05
7.42826,0,-4.2271,4.40356e-05,0,5.50123,t=7.06
7.42826,0,-4.17209,4.32573e-05,0,5.50123,t=7.07
7.42826,0,-4.11708,4.24928e-05,0,5.50123,t=7.08
7.42826,0,-4.06206,4.17417e-05,0,5.50123,t=7.09
7.42826,0,-4.00705,4.1004e-05,0,5.50123,t=7.1
7.42826,0,-3.95204,4.02793e-05,0,5.50123,t=7.11
7.42826,0,-3.89703,3.95674e-05,0,5.50123,t=7.12
7.42826,0,-3.84201,3.8868e-05,0,5.50123,t=7.13
7.42826,0,-3.787,3.81811e-05,0,5.50123,t=7.14
7.42826,0,-3.73199,3.75062e-05,0,5.50123,t=7.15
7.42827,0,-3.67698,3.68433e-05,0,5.50123,t=7.16
7.42827,0,-3.62196,3.61922e-05,0,5.50123,t=7.17
7.42827,0,-3.56695,3.55525e-05,0,5.50123,t=7.18
7.42827,0,-3.51194,3.49241e-05,0,5.50123,t=7.19
7.42827,0,-3.45693,3.43069e-05,0,5.50123,t=7.2
7.42827,0,-3.40192,3.37005e-05,0,5.50123,t=7.21
7.42827,0,-3.3469,3.31049e-05,0,5.50123,t=7.22
7.42827,0,-3.29189,3.25198e-05,0,5.50123,t=7.23
7.42827,0,-3.23688,3.1945e-05,0,5.50123,t=7.24
7.42827,0,-3.18187,3.13804e-05,0,5.50123,t=7.25
7.42827,0,-3.12685,3.08258e-05,0,5.50123,t=7.26
7.42827,0,-3.07184,3.02809e-05,0,5.50123,t=7.27
7.42827,0,-3.01683,2.97457e-05,0,5.50123,t=7.28
7.42827,0,-2.96182,2.922e-05,0,5.50123,t=7.29
7.42827,0,-2.90681,2.87036e-05,0,5.50123,t=7.3
7.42827,0,-2.85179,2.81963e-05,0,5.50123,t=7.31
7.42827,0,-2.79678,2.76979e-05,0,5.50123,t=7.32
7.42827,0,-2.74177,2.72084e-05,0,5.50123,t=7.33
7.42827,0,-2.68676,2.67275e-05,0,5.50123,t=7.34
7.42827,0,-2.63174,2.62551e-05,0,5.50123,t=7.35
7.42827,0,-2.57673,2.5791e-05,0,5.50123,t=7.36
7.42827,0,-2.52172,2.53352e-05,0,5.50123,t=7.37
7.42827,0,-2.46671,2.48874e-05,0,5.50123,t=7.38
7.42827,0,-2.41169,2.44475e-05,0,5.50123,t=7.39
7.42827,0,-2.35668,2.40155e-05,0,5.50123,t=7.4
7.42827,0,-2.30167,2.3591e-05,0,5.50123,t=7.41
7.42827,0,-2.24666,2.3174e-05,0,5.50123,t=7.42
7.42827,0,-2.19165,2.27645e-05,0,5.50123,t=7.43
7.42827,0,-2.13663,2.23621e-05,0,5.50123,t=7.44
7.42827,0,-2.08162,2.19669e-05,0,5.50123,t=7.45
7.42827,0,-2.02661,2.15786e-05,0,5.50123,t=7.46
7.42827,0,-1.9716,2.11972e-05,0,5.50123,t=7.47
7.42827,0,-1.91658,2.08226e-05,0,5.50123,t=7.48
7.42827,0,-1.86157,2.04546e-05,0,5.50123,t=7.49
7.42827,0,-1.80656,2.0093e-05,0,5.50123,t=7.5
7.42827,0,-1.75155,1.97379e-05,0,5.50123,t=7.51
7.42827,0,-1.69654,1.93891e-05,0,5.50123,t=7.52
7.42828,0,-1.64152,1.90464e-05,0,5.50123,t=7.53
7.42828,0,-1.58651,1.87097e-05,0,5.50123,t=7.54
7.42828,0,-1.5315,1.83791e-05,0,5.50123,t=7.55
7.42828,0,-1.47649,1.80542e-05,0,5.50123,t=7.56
7.42828,0,-1.42147,1.77351e-05,0,5.50123,t=7.57
7.42828,0,-1.36646,1.74217e-05,0,5.50123,t=7.58
7.42828,0,-1.31145,1.71138e-05,0,5.50123,t=7.59
7.42828,0,-1.25644,1.68113e-05,0,5.50123,t=7.6
7.42828,0,-1.20142,1.65141e-05,0,5.50123,t=7.61
7.42828,0,-1.14641,1.62223e-05,0,5.50123,t=7.62
7.42828,0,-1.0914,1.59356e-05,0,5.50123,t=7.63
7.42828,0,-1.03639,1.56539e-05,0,5.50123,t=7.64
7.42828,0,-0.981376,1.53772e-05,0,5.50123,t=7.65
7.42828,0,-0.926363,1.51055e-05,0,5.50123,t=7.66
7.42828,0,-0.871351,1.48385e-05,0,5.50123,t=7.67
7.42828,0,-0.816339,1.45762e-05,0,5.50123,t=7.68
7.42828,0,-0.761326,1.43186e-05,0,5.50123,t=7.69
7.42828,0,-0.706314,1.40655e-05,0,5.50123,t=7.7
7.42828,0,-0.651302,1.38169e-05,0,5.50123,t=7.71
7.42828,0,-0.59629,1.35727e-05,0,5.50123,t=7.72
7.42828,0,-0.541277,1.33328e-05,0,5.50123,t=7.73
7.42828,0,-0.486265,1.30972e-05,0,5.50123,t=7.74
7.42828,0,-0.431253,1.28657e-05,0,5.50123,t=7.75
7.42828,0,-0.376241,1.26383e-05,0,5.50123,t=7.76
7.42828,0,-0.321228,1.24149e-05,0,5.50123,t=7.77
7.42828,0,-0.266216,1.21955e-05,0,5.50123,t=7.78
7.42828,0,-0.211204,1.198e-05,0,5.50123,t=7.79
7.42828,0,-0.156191,1.17682e-05,0,5.50123,t=7.8
7.42828,0,-0.101179,1.15602e-05,0,5.50123,t=7.81
7.42828,0,-0.0461669,1.13559e-05,0,5.50123,t=7.82
